ID,Make,Model,Type,Origin,DriveTrain,EngineSize,Cylinders,HP,MPG_City,MPG_High,Weight,Wheelbase,Length,Invoice
1,Hyundai,Tucson,SUV,asia,all,4.5,6,300,19,24,3000,150,200,23000
2,Kia,Sportage,SUV,asia,,5,6,3,18,19,200,180,210,38000
3,SangYong,Musso,Cab,asia,front,5,6,345,21,23,2500,210,210,38000
4,Samsung,SM6,sedan,asia,front,4.5,6,285,20,23,2500,120,210,33000
5,Acura,MDX,SUV,asia,all,3.5,6,265,17,23,4451,106,189,33337
6,Acura,RSX Type S 2dr,Sedan,asia,front,2,4,200,24,31,2778,101,172,21761
7,Acura,TSX 4dr,Sedan,asia,front,2.4,4,200,22,29,3230,105,183,24647
8,Acura,TL 4dr,Sedan,asia,front,3.2,6,270,20,28,3575,108,186,30299
9,Acura,3.5 RL 4dr,Sedan,asia,front,3.5,6,225,18,24,3880,115,197,39014
10,Acura,3.5 RL w/Navigation 4dr,Sedan,asia,front,3.5,6,225,18,24,3893,115,197,41100
11,Acura,NSX coupe 2dr manual S,Sports,asia,rear,3.2,6,290,17,24,3153,100,174,79978
12,Audi,A4 1.8T 4dr,Sedan,europe,front,1.8,4,170,22,31,3252,104,179,23508
13,Audi,A41.8T convertible 2dr,Sedan,europe,front,1.8,4,170,23,30,3638,105,180,32506
14,Audi,A4 3.0 4dr,Sedan,europe,front,3,6,220,20,28,3462,104,179,28846
15,Audi,A4 3.0 Quattro 4dr manual,Sedan,europe,all,3,6,220,17,26,3583,104,179,30366
16,Audi,A4 3.0 Quattro 4dr auto,Sedan,europe,all,3,6,220,18,25,3627,104,179,31388
17,Audi,A6 3.0 4dr,Sedan,europe,front,3,6,220,20,27,3561,109,192,33129
18,Audi,A6 3.0 Quattro 4dr,Sedan,europe,all,3,6,220,18,25,3880,109,192,35992
19,Audi,A4 3.0 convertible 2dr,Sedan,europe,front,3,6,220,20,27,3814,105,180,38325
20,Audi,A4 3.0 Quattro convertible 2dr,Sedan,europe,all,3,6,220,18,25,4013,105,180,40075
21,Audi,A6 2.7 Turbo Quattro 4dr,Sedan,europe,all,2.7,6,250,18,25,3836,109,192,38840
22,Audi,A6 4.2 Quattro 4dr,Sedan,europe,all,4.2,8,300,17,24,4024,109,193,44936
23,Audi,A8 L Quattro 4dr,Sedan,europe,all,4.2,8,330,17,24,4399,121,204,64740
24,Audi,S4 Quattro 4dr,Sedan,europe,all,4.2,8,340,14,20,3825,104,179,43556
25,Audi,RS 6 4dr,Sports,europe,front,4.2,8,450,15,22,4024,109,191,76417
26,Audi,TT 1.8 convertible 2dr (coupe),Sports,europe,front,1.8,4,180,20,28,3131,95,159,32512
27,Audi,TT 1.8 Quattro 2dr (convertible),Sports,europe,all,1.8,4,225,20,28,2921,96,159,33891
28,Audi,TT 3.2 coupe 2dr (convertible),Sports,europe,all,3.2,6,250,21,29,3351,96,159,36739
29,Audi,A6 3.0 Avant Quattro,Wagon,europe,all,3,6,220,18,25,4035,109,192,37060
30,Audi,S4 Avant Quattro,Wagon,europe,all,4.2,8,340,15,21,3936,104,179,44446
31,BMW,X3 3.0i,SUV,europe,all,3,6,225,16,23,4023,110,180,33873
32,BMW,X5 4.4i,SUV,europe,all,4.4,8,325,16,22,4824,111,184,47720
33,BMW,325i 4dr,Sedan,europe,rear,2.5,6,184,20,29,3219,107,176,26155
34,BMW,325Ci 2dr,Sedan,europe,rear,2.5,6,184,20,29,3197,107,177,28245
35,BMW,325Ci convertible 2dr,Sedan,europe,rear,2.5,6,184,19,27,3560,107,177,34800
36,BMW,325xi 4dr,Sedan,europe,all,2.5,6,184,19,27,3461,107,176,27745
37,BMW,330i 4dr,Sedan,europe,rear,3,6,225,20,30,3285,107,176,32525
38,BMW,330Ci 2dr,Sedan,europe,rear,3,6,225,20,30,3285,107,176,33890
39,BMW,330xi 4dr,Sedan,europe,all,3,6,225,20,29,3483,107,176,34115
40,BMW,525i 4dr,Sedan,europe,rear,2.5,6,184,19,28,3428,114,191,36620
41,BMW,330Ci convertible 2dr,Sedan,europe,rear,3,6,225,19,28,3616,107,177,40530
42,BMW,530i 4dr,Sedan,europe,rear,3,6,225,20,30,3472,114,191,41170
43,BMW,545iA 4dr,Sedan,europe,rear,4.4,8,325,18,26,3814,114,191,50270
44,BMW,745i 4dr,Sedan,europe,rear,4.4,8,325,18,26,4376,118,198,63190
45,BMW,745Li 4dr,Sedan,europe,rear,4.4,8,325,18,26,4464,123,204,66830
46,BMW,M3 coupe 2dr,Sports,europe,rear,3.2,6,333,16,24,3415,108,177,44170
47,BMW,M3 convertible 2dr,Sports,europe,rear,3.2,6,333,16,23,3781,108,177,51815
48,BMW,Z4 convertible 2.5i 2dr,Sports,europe,rear,2.5,6,184,20,28,2932,98,161,31065
49,BMW,Z4 convertible 3.0i 2dr,Sports,europe,rear,3,6,225,21,29,2998,98,161,37575
50,BMW,325xi Sport,Wagon,europe,all,2.5,6,184,19,26,3594,107,176,30110
51,Buick,Rainier,SUV,usa,all,4.2,6,275,15,21,4600,113,193,34357
52,Buick,Rendezvous CX,SUV,usa,front,3.4,6,185,19,26,4024,112,187,24085
53,Buick,Century Custom 4dr,Sedan,usa,front,3.1,6,175,20,30,3353,109,195,20351
54,Buick,LeSabre Custom 4dr,Sedan,usa,front,3.8,6,205,20,29,3567,112,200,24282
55,Buick,Regal LS 4dr,Sedan,usa,front,3.8,6,200,20,30,3461,109,196,22835
56,Buick,Regal GS 4dr,Sedan,usa,front,3.8,6,240,18,28,3536,109,196,26047
57,Buick,LeSabre Limited 4dr,Sedan,usa,front,3.8,6,205,20,29,3591,112,200,29566
58,Buick,Park Avenue 4dr,Sedan,usa,front,3.8,6,205,20,29,3778,114,207,32244
59,Buick,Park Avenue Ultra 4dr,Sedan,usa,front,3.8,6,240,18,28,3909,114,207,36927
60,Cadillac,Escalade,SUV,usa,front,5.3,8,295,14,18,5367,116,199,48377
61,Cadillac,SRX V8,SUV,usa,front,4.6,8,320,16,21,4302,116,195,43523
62,Cadillac,CTS VVT 4dr,Sedan,usa,rear,3.6,6,255,18,25,3694,113,190,28575
63,Cadillac,Deville 4dr,Sedan,usa,front,4.6,8,275,18,26,3984,115,207,41650
64,Cadillac,Deville DTS 4dr,Sedan,usa,front,4.6,8,300,18,26,4044,115,207,46362
65,Cadillac,Seville SLS 4dr,Sedan,usa,front,4.6,8,275,18,26,3992,112,201,43841
66,Cadillac,XLR convertible 2dr,Sports,usa,rear,4.6,8,320,17,25,3647,106,178,70546
67,Cadillac,Escalade EXT,Truck,usa,all,6,8,345,13,17,5879,130,221,48541
68,Chevrolet,Suburban 1500 LT,SUV,usa,front,5.3,8,295,14,18,4947,130,219,37422
69,Chevrolet,Tahoe LT,SUV,usa,all,5.3,8,295,14,18,5050,116,197,36287
70,Chevrolet,TrailBlazer LT,SUV,usa,front,4.2,6,275,16,21,4425,113,192,27479
71,Chevrolet,Tracker,SUV,usa,front,2.5,6,165,19,22,2866,98,163,19108
72,Chevrolet,Aveo 4dr,Sedan,usa,front,1.6,4,103,28,34,2370,98,167,10965
73,Chevrolet,Aveo LS 4dr hatch,Sedan,usa,front,1.6,4,103,28,34,2348,98,153,11802
74,Chevrolet,Cavalier 2dr,Sedan,usa,front,2.2,4,140,26,37,2617,104,183,13697
75,Chevrolet,Cavalier 4dr,Sedan,usa,front,2.2,4,140,26,37,2676,104,183,13884
76,Chevrolet,Cavalier LS 2dr,Sedan,usa,front,2.2,4,140,26,37,2617,104,183,15357
77,Chevrolet,Impala 4dr,Sedan,usa,front,3.4,6,180,21,32,3465,111,200,20095
78,Chevrolet,Malibu 4dr,Sedan,usa,front,2.2,4,145,24,34,3174,106,188,17434
79,Chevrolet,Malibu LS 4dr,Sedan,usa,front,3.5,6,200,22,30,3297,106,188,18639
80,Chevrolet,Monte Carlo LS 2dr,Sedan,usa,front,3.4,6,180,21,32,3340,111,198,20026
81,Chevrolet,Impala LS 4dr,Sedan,usa,front,3.8,6,200,20,30,3476,111,200,22931
82,Chevrolet,Impala SS 4dr,Sedan,usa,front,3.8,6,240,18,28,3606,111,200,25672
83,Chevrolet,Malibu LT 4dr,Sedan,usa,front,3.5,6,200,23,32,3315,106,188,21551
84,Chevrolet,Monte Carlo SS 2dr,Sedan,usa,front,3.8,6,200,18,28,3434,111,198,22222
85,Chevrolet,Astro,Sedan,usa,all,4.3,6,190,14,17,4605,111,190,23954
86,Chevrolet,Venture LS,Sedan,usa,front,3.4,6,185,19,26,3699,112,187,24518
87,Chevrolet,Corvette 2dr,Sports,usa,rear,5.7,8,350,18,25,3246,105,180,39068
88,Chevrolet,Corvette convertible 2dr,Sports,usa,rear,5.7,8,350,18,25,3248,105,180,45193
89,Chevrolet,Avalanche 1500,Truck,usa,all,5.3,8,295,14,18,5678,130,222,31689
90,Chevrolet,Colorado Z85,Truck,usa,all,2.8,4,175,18,23,3623,111,192,17070
91,Chevrolet,Silverado 1500 Regular Cab,Truck,usa,rear,4.3,6,200,15,21,4142,119,206,18480
92,Chevrolet,Silverado SS,Truck,usa,all,6,8,300,13,17,4804,144,238,35399
93,Chevrolet,SSR,Truck,usa,rear,5.3,8,300,16,19,4760,116,191,39306
94,Chevrolet,Malibu Maxx LS,Wagon,usa,front,3.5,6,200,22,30,3458,112,188,20394
95,Chrysler,PT Cruiser 4dr,Sedan,usa,front,2.4,4,150,22,29,3101,103,169,16919
96,Chrysler,PT Cruiser Limited 4dr,Sedan,usa,front,2.4,4,150,22,29,3105,103,169,20573
97,Chrysler,Sebring 4dr,Sedan,usa,front,2.4,4,150,22,30,3173,108,191,17805
98,Chrysler,Sebring Touring 4dr,Sedan,usa,front,2.7,6,200,21,28,3222,108,191,20284
99,Chrysler,300M 4dr,Sedan,usa,front,3.5,6,250,18,27,3581,113,198,27797
100,Chrysler,Concorde LX 4dr,Sedan,usa,front,2.7,6,200,21,29,3479,113,208,22452
101,Chrysler,Concorde LXi 4dr,Sedan,usa,front,3.5,6,232,19,27,3548,113,208,24909
102,Chrysler,PT Cruiser GT 4dr,Sedan,usa,front,2.4,4,220,21,27,3217,103,169,24172
103,Chrysler,Sebring convertible 2dr,Sedan,usa,front,2.4,4,150,22,30,3357,106,194,23451
104,Chrysler,300M Special Edition 4dr,Sedan,usa,front,3.5,6,255,18,27,3650,113,198,30884
105,Chrysler,Sebring Limited convertible 2dr,Sedan,usa,front,2.7,6,200,21,28,3448,106,194,28613
106,Chrysler,Town and Country LX,Sedan,usa,front,3.3,6,180,19,26,4068,119,201,25371
107,Chrysler,Town and Country Limited,Sedan,usa,front,3.8,6,215,18,25,4331,119,201,35063
108,Chrysler,Crossfire 2dr,Sports,usa,rear,3.2,6,215,17,25,3060,95,160,32033
109,Chrysler,Pacifica,Wagon,usa,rear,3.5,6,250,17,23,4675,116,199,28725
110,Dodge,Durango SLT,SUV,usa,all,4.7,8,230,15,21,4987,119,201,29472
111,Dodge,Neon SE 4dr,Sedan,usa,front,2,4,132,29,36,2581,105,174,12849
112,Dodge,Neon SXT 4dr,Sedan,usa,front,2,4,132,29,36,2626,105,174,14086
113,Dodge,Intrepid SE 4dr,Sedan,usa,front,2.7,6,200,21,29,3469,113,204,20502
114,Dodge,Stratus SXT 4dr,Sedan,usa,front,2.4,4,150,21,28,3182,108,191,17512
115,Dodge,Stratus SE 4dr,Sedan,usa,front,2.4,4,150,21,28,3175,108,191,18821
116,Dodge,Intrepid ES 4dr,Sedan,usa,front,3.5,6,232,18,27,3487,113,204,23058
117,Dodge,Caravan SE,Sedan,usa,front,2.4,4,150,20,26,3862,113,189,20508
118,Dodge,Grand Caravan SXT,Sedan,usa,all,3.8,6,215,18,25,4440,119,201,29812
119,Dodge,Viper SRT-10 convertible 2dr,Sports,usa,rear,8.3,10,500,12,20,3410,99,176,74451
120,Dodge,Dakota Regular Cab,Truck,usa,rear,3.7,6,210,16,22,3714,112,193,16264
121,Dodge,Dakota Club Cab,Truck,usa,rear,3.7,6,210,16,22,3829,131,219,18670
122,Dodge,Ram 1500 Regular Cab ST,Truck,usa,rear,3.7,6,215,16,21,4542,121,208,18076
123,Ford,Excursion 6.8 XLT,SUV,usa,all,6.8,10,310,10,13,7190,137,227,36494
124,Ford,Expedition 4.6 XLT,SUV,usa,front,4.6,8,232,15,19,5000,119,206,30468
125,Ford,Explorer XLT V6,SUV,usa,all,4,6,210,15,20,4463,114,190,26983
126,Ford,Escape XLS,SUV,usa,all,3,6,201,18,23,3346,103,173,20907
127,Ford,Focus ZX3 2dr hatch,Sedan,usa,front,2,4,130,26,33,2612,103,168,12482
128,Ford,Focus LX 4dr,Sedan,usa,front,2,4,110,27,36,2606,103,168,12906
129,Ford,Focus SE 4dr,Sedan,usa,front,2,4,130,26,33,2606,103,168,14496
130,Ford,Focus ZX5 5dr,Sedan,usa,front,2,4,130,26,33,2691,103,168,14607
131,Ford,Focus SVT 2dr,Sedan,usa,front,2,4,170,21,28,2750,103,168,17878
132,Ford,Taurus LX 4dr,Sedan,usa,front,3,6,155,20,27,3306,109,198,18881
133,Ford,Taurus SES Duratec 4dr,Sedan,usa,front,3,6,201,19,26,3313,109,198,20857
134,Ford,Crown Victoria 4dr,Sedan,usa,rear,4.6,8,224,17,25,4057,115,212,22856
135,Ford,Crown Victoria LX 4dr,Sedan,usa,rear,4.6,8,224,17,25,4057,115,212,25105
136,Ford,Crown Victoria LX Sport 4dr,Sedan,usa,rear,4.6,8,239,17,25,4057,115,212,27756
137,Ford,Freestar SE,Sedan,usa,front,3.9,6,193,17,23,4275,121,201,24498
138,Ford,Mustang 2dr (convertible),Sports,usa,rear,3.8,6,193,20,29,3290,101,183,16943
139,Ford,Mustang GT Premium convertible 2dr,Sports,usa,rear,4.6,8,260,17,25,3347,101,183,26875
140,Ford,Thunderbird Deluxe convert w/hardtop 2d,Sports,usa,front,3.9,8,280,17,24,3780,107,186,34483
141,Ford,F-150 Regular Cab XL,Truck,usa,rear,4.6,8,231,15,19,4788,126,211,19490
142,Ford,F-150 Supercab Lariat,Truck,usa,all,5.4,8,300,14,18,5464,133,218,29405
143,Ford,Ranger 2.3 XL Regular Cab,Truck,usa,rear,2.3,4,143,24,29,3028,111,188,13717
144,Ford,Focus ZTW,Wagon,usa,front,2,4,130,26,33,2702,103,178,16375
145,Ford,Taurus SE,Wagon,usa,front,3,6,155,19,26,3497,109,198,20457
146,GMC,Envoy XUV SLE,SUV,usa,front,4.2,6,275,15,19,4945,129,208,28922
147,GMC,Yukon 1500 SLE,SUV,usa,front,4.8,8,285,16,19,5042,116,199,31361
148,GMC,Yukon XL 2500 SLT,SUV,usa,all,6,8,325,13,17,6133,130,219,40534
149,GMC,Safari SLE,Sedan,usa,rear,4.3,6,190,16,20,4309,111,190,23215
150,GMC,Canyon Z85 SL Regular Cab,Truck,usa,rear,2.8,4,175,18,25,3351,111,192,14877
151,GMC,Sierra Extended Cab 1500,Truck,usa,rear,4.8,8,285,17,20,4548,144,230,22604
152,GMC,Sierra HD 2500,Truck,usa,all,6,8,300,13,18,5440,133,222,25759
153,GMC,Sonoma Crew Cab,Truck,usa,all,4.3,6,190,15,19,4083,123,208,23043
154,Honda,Civic Hybrid 4dr manual (gas/electric),Hybrid,asia,front,1.4,4,93,46,51,2732,103,175,18451
155,Honda,Insight 2dr (gas/electric),Hybrid,asia,front,2,3,73,60,66,1850,95,155,17911
156,Honda,Pilot LX,SUV,asia,all,3.5,6,240,17,22,4387,106,188,24843
157,Honda,CR-V LX,SUV,asia,all,2.4,4,160,21,25,3258,103,179,18419
158,Honda,Element LX,SUV,asia,all,2.4,4,160,21,24,3468,101,167,17334
159,Honda,Civic DX 2dr,Sedan,asia,front,1.7,4,115,32,38,2432,103,175,12175
160,Honda,Civic HX 2dr,Sedan,asia,front,1.7,4,117,36,44,2500,103,175,12996
161,Honda,Civic LX 4dr,Sedan,asia,front,1.7,4,115,32,38,2513,103,175,14531
162,Honda,Accord LX 2dr,Sedan,asia,front,2.4,4,160,26,34,2994,105,188,17924
163,Honda,Accord EX 2dr,Sedan,asia,front,2.4,4,160,26,34,3047,105,188,20080
164,Honda,Civic EX 4dr,Sedan,asia,front,1.7,4,127,32,37,2601,103,175,16265
165,Honda,Civic Si 2dr hatch,Sedan,asia,front,2,4,160,26,30,2782,101,166,17849
166,Honda,Accord LX V6 4dr,Sedan,asia,front,3,6,240,21,30,3349,108,190,21428
167,Honda,Accord EX V6 2dr,Sedan,asia,front,3,6,240,21,30,3294,105,188,24304
168,Honda,Odyssey LX,Sedan,asia,front,3.5,6,240,18,25,4310,118,201,22498
169,Honda,Odyssey EX,Sedan,asia,front,3.5,6,240,18,25,4365,118,201,24744
170,Honda,S2000 convertible 2dr,Sports,asia,rear,2.2,4,240,20,25,2835,95,162,29965
171,Hummer,H2,SUV,usa,all,6,8,316,10,12,6400,123,190,45815
172,Hyundai,Santa Fe GLS,SUV,asia,front,2.7,6,173,20,26,3549,103,177,20201
173,Hyundai,Accent 2dr hatch,Sedan,asia,front,1.6,4,103,29,33,2255,96,167,10107
174,Hyundai,Accent GL 4dr,Sedan,asia,front,1.6,4,103,29,33,2290,96,167,11116
175,Hyundai,Accent GT 2dr hatch,Sedan,asia,front,1.6,4,103,29,33,2339,96,167,11209
176,Hyundai,Elantra GLS 4dr,Sedan,asia,front,2,4,138,26,34,2635,103,178,12781
177,Hyundai,Elantra GT 4dr,Sedan,asia,front,2,4,138,26,34,2635,103,178,14207
178,Hyundai,Elantra GT 4dr hatch,Sedan,asia,front,2,4,138,26,34,2698,103,178,14207
179,Hyundai,Sonata GLS 4dr,Sedan,asia,front,2.7,6,170,19,27,3217,106,187,17574
180,Hyundai,Sonata LX 4dr,Sedan,asia,front,2.7,6,170,19,27,3217,106,187,18380
181,Hyundai,XG350 4dr,Sedan,asia,front,3.5,6,194,17,26,3651,108,192,22055
182,Hyundai,XG350 L 4dr,Sedan,asia,front,3.5,6,194,17,26,3651,108,192,23486
183,Hyundai,Tiburon GT V6 2dr,Sports,asia,front,2.7,6,172,19,26,3023,100,173,17101
184,Infiniti,G35 4dr,Sedan,asia,rear,3.5,6,260,18,26,3336,112,187,26157
185,Infiniti,G35 Sport Coupe 2dr,Sedan,asia,rear,3.5,6,280,18,26,3416,112,182,27536
186,Infiniti,G35 4dr,Sedan,asia,all,3.5,6,260,18,26,3677,112,187,29783
187,Infiniti,I35 4dr,Sedan,asia,front,3.5,6,255,19,26,3306,108,194,28320
188,Infiniti,M45 4dr,Sedan,asia,rear,4.5,8,340,17,23,3851,110,197,38792
189,Infiniti,Q45 Luxury 4dr,Sedan,asia,rear,4.5,8,340,17,23,3977,113,200,47575
190,Infiniti,FX35,Wagon,asia,rear,3.5,6,280,16,22,4056,112,189,31756
191,Infiniti,FX45,Wagon,asia,all,4.5,8,315,15,19,4309,112,189,33121
192,Isuzu,Ascender S,SUV,asia,all,4.2,6,275,15,20,4967,129,208,29977
193,Isuzu,Rodeo S,SUV,asia,front,3.2,6,193,17,21,3836,106,178,19261
194,Jaguar,X-Type 2.5 4dr,Sedan,europe,all,2.5,6,192,18,26,3428,107,184,27355
195,Jaguar,X-Type 3.0 4dr,Sedan,europe,all,3,6,227,18,25,3516,107,184,30995
196,Jaguar,S-Type 3.0 4dr,Sedan,europe,rear,3,6,235,18,26,3777,115,192,40004
197,Jaguar,S-Type 4.2 4dr,Sedan,europe,rear,4.2,8,294,18,28,3874,115,192,45556
198,Jaguar,S-Type R 4dr,Sedan,europe,rear,4.2,8,390,17,24,4046,115,192,57499
199,Jaguar,Vanden Plas 4dr,Sedan,europe,rear,4.2,8,294,18,28,3803,119,200,62846
200,Jaguar,XJ8 4dr,Sedan,europe,rear,4.2,8,294,18,28,3803,119,200,54656
201,Jaguar,XJR 4dr,Sedan,europe,rear,4.2,8,390,17,24,3948,119,200,68306
202,Jaguar,XK8 coupe 2dr,Sports,europe,rear,4.2,8,294,18,26,3779,102,187,63756
203,Jaguar,XK8 convertible 2dr,Sports,europe,rear,4.2,8,294,18,26,3980,102,187,68306
204,Jaguar,XKR coupe 2dr,Sports,europe,rear,4.2,8,390,16,23,3865,102,187,74676
205,Jaguar,XKR convertible 2dr,Sports,europe,rear,4.2,8,390,16,23,4042,102,187,79226
206,Jeep,Grand Cherokee Laredo,SUV,usa,front,4,6,195,16,21,3790,106,181,25686
207,Jeep,Liberty Sport,SUV,usa,all,2.4,4,150,20,24,3826,104,174,18973
208,Jeep,Wrangler Sahara convertible 2dr,SUV,usa,all,4,6,190,16,19,3575,93,150,23275
209,Kia,Sorento LX,SUV,asia,front,3.5,6,192,16,19,4112,107,180,18630
210,Kia,Optima LX 4dr,Sedan,asia,front,2.4,4,138,23,30,3281,106,186,14910
211,Kia,Rio 4dr manual,Sedan,asia,front,1.6,4,104,26,33,2403,95,167,9875
212,Kia,Rio 4dr auto,Sedan,asia,front,1.6,4,104,25,32,2458,95,167,10705
213,Kia,Spectra 4dr,Sedan,asia,front,1.8,4,124,24,32,2661,101,178,11630
214,Kia,Spectra GS 4dr hatch,Sedan,asia,front,1.8,4,124,24,32,2686,101,178,12830
215,Kia,Spectra GSX 4dr hatch,Sedan,asia,front,1.8,4,124,24,32,2697,101,178,13790
216,Kia,Optima LX V6 4dr,Sedan,asia,front,2.7,6,170,20,27,3279,106,186,16850
217,Kia,Amanti 4dr,Sedan,asia,front,3.5,6,195,17,25,4021,110,196,23764
218,Kia,Sedona LX,Sedan,asia,front,3.5,6,195,16,22,4802,115,194,19400
219,Kia,Rio Cinco,Wagon,asia,front,1.6,4,104,26,33,2447,95,167,11410
220,Land Rover,Range Rover HSE,SUV,europe,all,4.4,8,282,12,16,5379,113,195,65807
221,Land Rover,Discovery SE,SUV,europe,all,4.6,8,217,12,16,4576,100,185,35777
222,Land Rover,Freelander SE,SUV,europe,all,2.5,6,174,18,21,3577,101,175,23969
223,Lexus,GX 470,SUV,asia,all,4.7,8,235,15,19,4740,110,188,39838
224,Lexus,LX 470,SUV,asia,all,4.7,8,235,13,17,5590,112,193,56455
225,Lexus,RX 330,SUV,asia,all,3.3,6,230,18,24,4065,107,186,34576
226,Lexus,ES 330 4dr,Sedan,asia,front,3.3,6,225,20,29,3460,107,191,28755
227,Lexus,IS 300 4dr manual,Sedan,asia,rear,3,6,215,18,25,3255,105,177,27404
228,Lexus,IS 300 4dr auto,Sedan,asia,rear,3,6,215,18,24,3285,105,177,28611
229,Lexus,GS 300 4dr,Sedan,asia,rear,3,6,220,18,25,3649,110,189,36196
230,Lexus,GS 430 4dr,Sedan,asia,rear,4.3,8,300,18,23,3715,110,189,42232
231,Lexus,LS 430 4dr,Sedan,asia,rear,4.3,8,290,18,25,3990,115,197,48583
232,Lexus,SC 430 convertible 2dr,Sports,asia,rear,4.3,8,300,18,23,3840,103,178,55063
233,Lexus,IS 300 SportCross,Wagon,asia,rear,3,6,215,18,24,3410,105,177,28647
234,Lincoln,Navigator Luxury,SUV,usa,all,5.4,8,300,13,18,5969,119,206,46360
235,Lincoln,Aviator Ultimate,SUV,usa,front,4.6,8,302,13,18,4834,114,193,39443
236,Lincoln,LS V6 Luxury 4dr,Sedan,usa,rear,3,6,232,20,26,3681,115,194,29969
237,Lincoln,LS V6 Premium 4dr,Sedan,usa,rear,3,6,232,20,26,3681,115,194,33929
238,Lincoln,LS V8 Sport 4dr,Sedan,usa,rear,3.9,8,280,17,24,3768,115,194,36809
239,Lincoln,LS V8 Ultimate 4dr,Sedan,usa,rear,3.9,8,280,17,24,3768,115,194,39869
240,Lincoln,Town Car Signature 4dr,Sedan,usa,rear,4.6,8,239,17,25,4369,118,215,38418
241,Lincoln,Town Car Ultimate 4dr,Sedan,usa,rear,4.6,8,239,17,25,4369,118,215,41217
242,Lincoln,Town Car Ultimate L 4dr,Sedan,usa,rear,4.6,8,239,17,25,4474,124,221,46208
243,MINI,Cooper,Sedan,europe,front,1.6,4,115,28,37,2524,97,143,15437
244,MINI,Cooper S,Sedan,europe,front,1.6,4,163,25,34,2678,97,144,18137
245,Mazda,Tribute DX 2.0,SUV,asia,all,2,4,130,22,25,3091,103,173,19742
246,Mazda,Mazda3 i 4dr,Sedan,asia,front,2,4,148,26,34,2696,104,178,14525
247,Mazda,Mazda3 s 4dr,Sedan,asia,front,2.3,4,160,25,31,2762,104,179,15922
248,Mazda,Mazda6 i 4dr,Sedan,asia,front,2.3,4,160,24,32,3042,105,187,17817
249,Mazda,MPV ES,Sedan,asia,front,3,6,200,18,25,3812,112,188,26600
250,Mazda,MX-5 Miata convertible 2dr,Sports,asia,rear,1.8,4,142,23,28,2387,89,156,20701
251,Mazda,MX-5 Miata LS convertible 2dr,Sports,asia,rear,1.8,4,142,23,28,2387,89,156,23285
252,Mazda,RX-8 4dr automatic,Sports,asia,rear,1.3,,197,18,25,3053,106,174,23794
253,Mazda,RX-8 4dr manual,Sports,asia,rear,1.3,,238,18,24,3029,106,174,25179
254,Mazda,B2300 SX Regular Cab,Truck,asia,rear,2.3,4,143,24,29,2960,112,188,14070
255,Mazda,B4000 SE Cab Plus,Truck,asia,all,4,6,207,15,19,3571,126,203,20482
256,Mercedes-Benz,G500,SUV,europe,all,5,8,292,13,14,5423,112,186,71540
257,Mercedes-Benz,ML500,SUV,europe,all,5,8,288,14,17,4874,111,183,43268
258,Mercedes-Benz,C230 Sport 2dr,Sedan,europe,rear,1.8,4,189,22,30,3250,107,178,24249
259,Mercedes-Benz,C320 Sport 2dr,Sedan,europe,rear,3.2,6,215,19,26,3430,107,178,26435
260,Mercedes-Benz,C240 4dr,Sedan,europe,rear,2.6,6,168,20,25,3360,107,178,30071
261,Mercedes-Benz,C240 4dr,Sedan,europe,all,2.6,6,168,19,25,3360,107,178,31187
262,Mercedes-Benz,C320 Sport 4dr,Sedan,europe,rear,3.2,6,215,19,26,3430,107,178,33456
263,Mercedes-Benz,C320 4dr,Sedan,europe,rear,3.2,6,215,20,26,3450,107,178,35046
264,Mercedes-Benz,C320 4dr,Sedan,europe,all,3.2,6,215,19,27,3450,107,178,36162
265,Mercedes-Benz,C32 AMG 4dr,Sedan,europe,rear,3.2,6,349,16,21,3540,107,178,48522
266,Mercedes-Benz,CL500 2dr,Sedan,europe,rear,5,8,302,16,24,4085,114,196,88324
267,Mercedes-Benz,CL600 2dr,Sedan,europe,rear,5.5,12,493,13,19,4473,114,196,119600
268,Mercedes-Benz,CLK320 coupe 2dr (convertible),Sedan,europe,rear,3.2,6,215,20,26,3770,107,183,41966
269,Mercedes-Benz,CLK500 coupe 2dr (convertible),Sedan,europe,rear,5,8,302,17,22,3585,107,183,49104
270,Mercedes-Benz,E320 4dr,Sedan,europe,rear,3.2,6,221,19,27,3635,112,190,44849
271,Mercedes-Benz,E500 4dr,Sedan,europe,rear,5,8,302,16,20,3815,112,190,53382
272,Mercedes-Benz,S430 4dr,Sedan,europe,rear,4.3,8,275,18,26,4160,122,203,69168
273,Mercedes-Benz,S500 4dr,Sedan,europe,all,5,8,302,16,24,4390,122,203,80939
274,Mercedes-Benz,SL500 convertible 2dr,Sports,europe,rear,5,8,302,16,23,4065,101,179,84325
275,Mercedes-Benz,SL55 AMG 2dr,Sports,europe,rear,5.5,8,493,14,21,4235,101,179,113388
276,Mercedes-Benz,SL600 convertible 2dr,Sports,europe,rear,5.5,12,493,13,19,4429,101,179,117854
277,Mercedes-Benz,SLK230 convertible 2dr,Sports,europe,rear,2.3,4,192,21,29,3055,95,158,37548
278,Mercedes-Benz,SLK32 AMG 2dr,Sports,europe,rear,3.2,6,349,17,22,3220,95,158,52289
279,Mercedes-Benz,C240,Wagon,europe,rear,2.6,6,168,19,25,3470,107,179,31466
280,Mercedes-Benz,E320,Wagon,europe,rear,3.2,6,221,19,27,3966,112,190,47174
281,Mercedes-Benz,E500,Wagon,europe,all,5,8,302,16,24,4230,112,190,56474
282,Mercury,Mountaineer,SUV,usa,front,4,6,210,16,21,4374,114,190,27317
283,Mercury,Sable GS 4dr,Sedan,usa,front,3,6,155,20,27,3308,109,200,19848
284,Mercury,Grand Marquis GS 4dr,Sedan,usa,rear,4.6,8,224,17,25,4052,115,212,23217
285,Mercury,Grand Marquis LS Premium 4dr,Sedan,usa,rear,4.6,8,224,17,25,4052,115,212,27148
286,Mercury,Sable LS Premium 4dr,Sedan,usa,front,3,6,201,19,26,3315,109,200,21918
287,Mercury,Grand Marquis LS Ultimate 4dr,Sedan,usa,rear,4.6,8,224,17,25,4052,115,212,28318
288,Mercury,Marauder 4dr,Sedan,usa,rear,4.6,8,302,17,23,4195,115,212,31558
289,Mercury,Monterey Luxury,Sedan,usa,front,4.2,6,201,16,23,4340,121,202,30846
290,Mercury,Sable GS,Wagon,usa,front,3,6,155,19,26,3488,109,198,20748
291,Mitsubishi,Endeavor XLS,SUV,asia,all,3.8,6,215,17,21,4134,109,190,28330
292,Mitsubishi,Montero XLS,SUV,asia,all,3.8,6,215,15,19,4718,110,190,30763
293,Mitsubishi,Outlander LS,SUV,asia,front,2.4,4,160,21,27,3240,103,179,17569
294,Mitsubishi,Lancer ES 4dr,Sedan,asia,front,2,4,120,25,31,2656,102,181,13751
295,Mitsubishi,Lancer LS 4dr,Sedan,asia,front,2,4,120,25,31,2795,102,181,15718
296,Mitsubishi,Galant ES 2.4L 4dr,Sedan,asia,front,2.4,4,160,23,30,3351,108,191,17957
297,Mitsubishi,Lancer OZ Rally 4dr auto,Sedan,asia,front,2,4,120,25,31,2744,102,181,16196
298,Mitsubishi,Diamante LS 4dr,Sedan,asia,front,3.5,6,205,18,25,3549,107,194,27250
299,Mitsubishi,Galant GTS 4dr,Sedan,asia,front,3.8,6,230,18,26,3649,108,191,23883
300,Mitsubishi,Eclipse GTS 2dr,Sports,asia,front,3,6,210,21,28,3241,101,177,23456
301,Mitsubishi,Eclipse Spyder GT convertible 2dr,Sports,asia,front,3,6,210,21,28,3296,101,177,25218
302,Mitsubishi,Lancer Evolution 4dr,Sports,asia,front,2,4,271,18,26,3263,103,179,27466
303,Mitsubishi,Lancer Sportback LS,Wagon,asia,front,2.4,4,160,25,31,3020,102,181,16295
304,Nissan,Pathfinder Armada SE,SUV,asia,front,5.6,8,305,13,19,5013,123,207,30815
305,Nissan,Pathfinder SE,SUV,asia,front,3.5,6,240,16,21,3871,106,183,25972
306,Nissan,Xterra XE V6,SUV,asia,front,3.3,6,180,17,20,3760,104,178,19512
307,Nissan,Sentra 1.8 4dr,Sedan,asia,front,1.8,4,126,28,35,2513,100,178,12205
308,Nissan,Sentra 1.8 S 4dr,Sedan,asia,front,1.8,4,126,28,35,2581,100,178,13747
309,Nissan,Altima S 4dr,Sedan,asia,front,2.5,4,175,21,26,3039,110,192,18030
310,Nissan,Sentra SE-R 4dr,Sedan,asia,front,2.5,4,165,23,28,2761,100,178,16444
311,Nissan,Altima SE 4dr,Sedan,asia,front,3.5,6,245,21,26,3197,110,192,21580
312,Nissan,Maxima SE 4dr,Sedan,asia,front,3.5,6,265,20,28,3473,111,194,25182
313,Nissan,Maxima SL 4dr,Sedan,asia,front,3.5,6,265,20,28,3476,111,194,26966
314,Nissan,Quest S,Sedan,asia,front,3.5,6,240,19,26,4012,124,204,22958
315,Nissan,Quest SE,Sedan,asia,front,3.5,6,240,18,25,4175,124,204,30019
316,Nissan,350Z coupe 2dr,Sports,asia,rear,3.5,6,287,20,26,3188,104,169,25203
317,Nissan,350Z Enthusiast convertible 2dr,Sports,asia,rear,3.5,6,287,20,26,3428,104,169,31845
318,Nissan,Frontier King Cab XE V6,Truck,asia,all,3.3,6,180,17,20,3932,116,191,18253
319,Nissan,Titan King Cab XE,Truck,asia,all,5.6,8,305,14,18,5287,140,224,24926
320,Nissan,Murano SL,Wagon,asia,rear,3.5,6,245,20,25,3801,111,188,27300
321,Oldsmobile,Alero GX 2dr,Sedan,usa,front,2.2,4,140,24,32,2946,107,187,17642
322,Oldsmobile,Alero GLS 2dr,Sedan,usa,front,3.4,6,170,20,29,3085,107,187,21485
323,Oldsmobile,Silhouette GL,Sedan,usa,front,3.4,6,185,19,26,3948,120,201,26120
324,Pontiac,Aztekt,SUV,usa,front,3.4,6,185,19,26,3779,108,182,19810
325,Pontiac,Sunfire 1SA 2dr,Sedan,usa,front,2.2,4,140,24,33,2771,104,182,14375
326,Pontiac,Grand Am GT 2dr,Sedan,usa,front,3.4,6,175,20,29,3118,107,186,20595
327,Pontiac,Grand Prix GT1 4dr,Sedan,usa,front,3.8,6,200,20,30,3477,111,198,20545
328,Pontiac,Sunfire 1SC 2dr,Sedan,usa,front,2.2,4,140,24,33,2771,104,182,16369
329,Pontiac,Grand Prix GT2 4dr,Sedan,usa,front,3.8,6,200,20,30,3484,111,198,22284
330,Pontiac,Bonneville GXP 4dr,Sedan,usa,front,4.6,8,275,17,20,3790,112,203,32997
331,Pontiac,Montana,Sedan,usa,front,3.4,6,185,19,26,3803,112,187,21644
332,Pontiac,Montana EWB,Sedan,usa,all,3.4,6,185,18,24,4431,121,201,28454
333,Pontiac,GTO 2dr,Sports,usa,rear,5.7,8,340,16,20,3725,110,190,30710
334,Pontiac,Vibe,Wagon,usa,rear,1.8,4,130,29,36,2701,102,172,15973
335,Porsche,Cayenne S,SUV,europe,all,4.5,8,340,14,18,4950,112,188,49865
336,Porsche,911 Carrera convertible 2dr (coupe),Sports,europe,rear,3.6,6,315,18,26,3135,93,175,69229
337,Porsche,911 Carrera 4S coupe 2dr (convert),Sports,europe,all,3.6,6,315,17,24,3240,93,175,72206
338,Porsche,911 Targa coupe 2dr,Sports,europe,rear,3.6,6,315,18,26,3119,93,175,67128
339,Porsche,911 GT2 2dr,Sports,europe,rear,3.6,6,477,17,24,3131,93,175,173560
340,Porsche,Boxster convertible 2dr,Sports,europe,rear,2.7,6,228,20,29,2811,95,170,37886
341,Porsche,Boxster S convertible 2dr,Sports,europe,rear,3.2,6,258,18,26,2911,95,170,45766
342,Saab,9-3 Arc Sport 4dr,Sedan,europe,front,2,4,210,20,28,3175,105,183,29269
343,Saab,9-3 Aero 4dr,Sedan,europe,front,2,4,210,20,28,3175,105,183,31562
344,Saab,9-5 Arc 4dr,Sedan,europe,front,2.3,4,220,21,29,3470,106,190,33011
345,Saab,9-5 Aero 4dr,Sedan,europe,front,2.3,4,250,21,29,3470,106,190,37721
346,Saab,9-3 Arc convertible 2dr,Sedan,europe,front,2,4,210,21,29,3480,105,182,38520
347,Saab,9-3 Aero convertible 2dr,Sedan,europe,front,2,4,210,21,30,3700,105,182,40883
348,Saab,9-5 Aero,Wagon,europe,front,2.3,4,250,19,29,3620,106,190,38376
349,Saturn,VUE,SUV,usa,all,2.2,4,143,21,26,3381,107,181,19238
350,Saturn,Ion1 4dr,Sedan,usa,front,2.2,4,140,26,35,2692,103,185,10319
351,Saturn,lon2 4dr,Sedan,usa,front,2.2,4,140,26,35,2692,103,185,13393
352,Saturn,lon3 4dr,Sedan,usa,front,2.2,4,140,26,35,2692,103,185,14811
353,Saturn,lon2 quad coupe 2dr,Sedan,usa,front,2.2,4,140,26,35,2751,103,185,13904
354,Saturn,lon3 quad coupe 2dr,Sedan,usa,front,2.2,4,140,26,35,2751,103,185,15299
355,Saturn,L300-2 4dr,Sedan,usa,front,3,6,182,20,28,3197,107,190,19801
356,Saturn,L300 2,Wagon,usa,front,2.2,4,140,24,34,3109,107,190,21779
357,Scion,xA 4dr hatch,Sedan,asia,front,1.5,4,108,32,38,2340,93,154,12340
358,Scion,xB,Wagon,asia,front,1.5,4,108,31,35,2425,98,155,13480
359,Subaru,Impreza 2.5 RS 4dr,Sedan,asia,all,2.5,4,165,22,28,2965,99,174,18399
360,Subaru,Legacy L 4dr,Sedan,asia,all,2.5,4,165,21,28,3285,104,184,18713
361,Subaru,Legacy GT 4dr,Sedan,asia,all,2.5,4,165,21,28,3395,104,184,23336
362,Subaru,Outback Limited Sedan 4dr,Sedan,asia,all,2.5,4,165,20,27,3495,104,184,24687
363,Subaru,Outback H6 4dr,Sedan,asia,all,3,6,212,19,26,3610,104,184,26660
364,Subaru,Outback H-6 VDC 4dr,Sedan,asia,all,3,6,212,19,26,3630,104,184,28603
365,Subaru,Impreza WRX 4dr,Sports,asia,all,2,4,227,20,27,3085,99,174,23022
366,Subaru,Impreza WRX STi 4dr,Sports,asia,all,2.5,4,300,18,24,3263,100,174,29130
367,Subaru,Baja,Truck,asia,all,2.5,4,165,21,28,3485,104,193,22304
368,Subaru,Forester X,Wagon,asia,all,2.5,4,165,21,28,3090,99,175,19646
369,Subaru,Outback,Wagon,asia,all,2.5,4,165,21,28,3430,104,187,21773
370,Suzuki,XL-7 EX,SUV,asia,front,2.7,6,185,18,22,3682,110,187,22307
371,Suzuki,Vitara LX,SUV,asia,all,2.5,6,165,19,22,3020,98,163,16949
372,Suzuki,Aeno S 4dr,Sedan,asia,front,2.3,4,155,25,31,2676,98,171,12719
373,Suzuki,Aerio LX 4dr,Sedan,asia,front,2.3,4,155,25,31,2676,98,171,14317
374,Suzuki,Forenza S 4dr,Sedan,asia,front,2,4,119,24,31,2701,102,177,12116
375,Suzuki,Forenza EX 4dr,Sedan,asia,front,2,4,119,22,30,2756,102,177,15378
376,Suzuki,Verona LX 4dr,Sedan,asia,front,2.5,6,155,20,27,3380,106,188,17053
377,Suzuki,Aerio SX,Wagon,asia,all,2.3,4,155,24,29,2932,98,167,16291
378,Toyota,Prius 4dr (gas/electric),Hybrid,asia,front,1.5,4,110,59,51,2890,106,175,18926
379,Toyota,Sequoia SR5,SUV,asia,all,4.7,8,240,14,17,5270,118,204,31827
380,Toyota,4Runner SR5 V6,SUV,asia,front,4,6,245,18,21,4035,110,189,24801
381,Toyota,Highlander V6,SUV,asia,all,3.3,6,230,18,24,3935,107,185,24915
382,Toyota,Land Cruiser,SUV,asia,all,4.7,8,325,13,17,5390,112,193,47986
383,Toyota,RAV4,SUV,asia,all,2.4,4,161,22,27,3119,98,167,18553
384,Toyota,Corolla CE 4dr,Sedan,asia,front,1.8,4,130,32,40,2502,102,178,13065
385,Toyota,Corolla S 4dr,Sedan,asia,front,1.8,4,130,32,40,2524,102,178,13650
386,Toyota,Corolla LE 4dr,Sedan,asia,front,1.8,4,130,32,40,2524,102,178,13889
387,Toyota,Echo 2dr manual,Sedan,asia,front,1.5,4,108,35,43,2035,93,163,10144
388,Toyota,Echo 2dr auto,Sedan,asia,front,1.5,4,108,33,39,2085,93,163,10896
389,Toyota,Echo 4dr,Sedan,asia,front,1.5,4,108,35,43,2055,93,163,10642
390,Toyota,Camry LE 4dr,Sedan,asia,front,2.4,4,157,24,33,3086,107,189,17558
391,Toyota,Camry LE V6 4dr,Sedan,asia,front,3,6,210,21,29,3296,107,189,20325
392,Toyota,Camry Solara SE 2dr,Sedan,asia,front,2.4,4,157,24,33,3175,107,193,17722
393,Toyota,Camry Solara SE V6 2dr,Sedan,asia,front,3.3,6,225,20,29,3417,107,193,19819
394,Toyota,Avalon XL 4dr,Sedan,asia,front,3,6,210,21,29,3417,107,192,23693
395,Toyota,Camry XLE V6 4dr,Sedan,asia,front,3,6,210,21,29,3362,107,189,23125
396,Toyota,Camry Solara SLE V6 2dr,Sedan,asia,front,3.3,6,225,20,29,3439,107,193,23908
397,Toyota,Avalon XLS 4dr,Sedan,asia,front,3,6,210,21,29,3439,107,192,27271
398,Toyota,Sienna CE,Sedan,asia,front,3.3,6,230,19,27,4120,119,200,21198
399,Toyota,Sienna XLE Limited,Sedan,asia,front,3.3,6,230,19,27,4165,119,200,25690
400,Toyota,Celica GT-S 2dr,Sports,asia,front,1.8,4,180,24,33,2500,102,171,20363
401,Toyota,MR2 Spyder convertible 2dr,Sports,asia,rear,1.8,4,138,26,32,2195,97,153,22787
402,Toyota,Tacoma,Truck,asia,rear,2.4,4,142,22,27,2750,103,191,11879
403,Toyota,Tundra Regular Cab V6,Truck,asia,rear,3.4,6,190,16,18,3925,128,218,14978
404,Toyota,Tundra Access Cab V6 SR5,Truck,asia,all,3.4,6,190,14,17,4435,128,218,23520
405,Toyota,Matrix XR,Wagon,asia,front,1.8,4,130,29,36,2679,102,171,15156
406,Volkswagen,Touareg V6,SUV,europe,all,3.2,6,220,15,20,5086,112,187,32243
407,Volkswagen,Golf GLS 4dr,Sedan,europe,front,2,4,115,24,31,2897,99,165,17478
408,Volkswagen,GTI 1.8T 2dr hatch,Sedan,europe,front,1.8,4,180,24,31,2934,99,168,18109
409,Volkswagen,Jetta GLS TDI 4dr,Sedan,europe,front,1.9,4,100,38,46,3003,99,172,19638
410,Volkswagen,New Beetle GLS 1.8T 2dr,Sedan,europe,front,1.8,4,150,24,31,2820,99,161,19638
411,Volkswagen,Jetta GLI VR6 4dr,Sedan,europe,front,2.8,6,200,21,30,3179,99,172,21686
412,Volkswagen,New Beetle GLS convertible 2dr,Sedan,europe,front,2,4,115,24,30,3082,99,161,21689
413,Volkswagen,Passat GLS 4dr,Sedan,europe,front,1.8,4,170,22,31,3241,106,185,21898
414,Volkswagen,Passat GLX V6 4MOTION 4dr,Sedan,europe,front,2.8,6,190,19,26,3721,106,185,30583
415,Volkswagen,Passat W8 4MOTION 4dr,Sedan,europe,front,4,8,270,18,25,3953,106,185,36052
416,Volkswagen,Phaeton 4dr,Sedan,europe,front,4.2,8,335,16,22,5194,118,204,59912
417,Volkswagen,Phaeton W12 4dr,Sedan,europe,front,6,12,420,12,19,5399,118,204,69130
418,Volkswagen,Jetta GL,Wagon,europe,front,2,4,115,24,30,3034,99,174,17427
419,Volkswagen,Passat GLS 1.8T,Wagon,europe,front,1.8,4,170,22,31,3338,106,184,22801
420,Volkswagen,Passat W8,Wagon,europe,front,4,8,270,18,25,4067,106,184,36956
421,Volvo,XC90 T6,SUV,europe,all,2.9,6,268,15,20,4638,113,189,38851
422,Volvo,S40 4dr,Sedan,europe,front,1.9,4,170,22,29,2767,101,178,23701
423,Volvo,S60 2.5 4dr,Sedan,europe,all,2.5,5,208,20,27,3903,107,180,29916
424,Volvo,S60 T5 4dr,Sedan,europe,front,2.3,5,247,20,28,3766,107,180,32902
425,Volvo,S60 R 4dr,Sedan,europe,all,2.5,5,300,18,25,3571,107,181,35382
426,Volvo,S80 2.9 4dr,Sedan,europe,front,2.9,6,208,20,28,3576,110,190,35542
427,Volvo,S80 2.5T 4dr,Sedan,europe,all,2.5,5,194,20,27,3691,110,190,35688
428,Volvo,C70 LPT convertible 2dr,Sedan,europe,front,2.4,5,197,21,28,3450,105,186,38203
429,Volvo,C70 HPT convertible 2dr,Sedan,europe,front,2.3,5,242,20,26,3450,105,186,40083
430,Volvo,S80 T6 4dr,Sedan,europe,front,2.9,6,268,19,26,3653,110,190,42573
431,Volvo,V40,Wagon,europe,front,1.9,4,170,22,29,2822,101,180,24641
432,Volvo,XC70,Wagon,europe,all,2.5,5,208,20,27,3823,109,186,33112
